time,velocity
0.000000,29.179489
0.000000,27.570181
0.000000,24.273183
0.000000,23.954529
0.000000,16.616260
0.000000,26.406091
0.000000,25.258643
0.000000,27.965776
0.000000,30.682929
0.000000,6.409802
0.000000,24.901311
0.000000,22.563559
0.000000,25.539069
0.000000,28.283176
0.000000,23.664623
0.000000,28.482131
0.000000,12.519767
0.000000,27.285752
0.000000,23.533672
0.000000,15.916123
0.000000,30.633697
0.000000,42.888936
0.000000,17.460607
0.000000,22.727580
0.000000,16.161184
0.000000,25.608814
0.000000,44.874036
0.000000,34.296046
0.000000,31.944321
0.000000,31.457254
0.000000,33.803679
0.000000,20.334190
0.000000,34.668558
0.000000,24.097144
0.000000,18.691635
0.000000,30.358071
0.000000,22.054719
0.000000,25.509939
0.000000,16.392524
0.000000,35.210000
0.000000,34.087127
0.000000,38.711981
0.000000,22.445268
0.000000,31.109409
0.000000,42.195332
0.000000,41.299828
0.000000,18.476411
0.000000,18.721608
0.000000,29.683931
0.000000,35.817803
0.000000,34.411125
0.000000,25.699128
0.000000,24.669273
0.000000,35.280901
0.000000,35.583398
0.000000,24.674322
0.000000,32.883492
0.000000,34.644771
0.000000,26.741530
0.000000,35.725831
0.000000,13.010206
0.000000,36.926032
0.000000,18.051842
0.000000,17.879454
0.000000,27.110088
0.000000,28.952777
0.000000,25.670443
0.000000,28.675185
0.000000,27.647466
0.000000,25.914028
0.000000,29.140836
0.000000,25.691118
0.000000,21.687124
0.000000,14.080351
0.000000,25.586725
0.000000,26.383587
0.000000,30.926171
0.000000,33.450544
0.000000,39.112558
0.000000,13.373127
0.000000,24.137564
0.000000,30.519110
0.000000,28.642727
0.000000,37.036848
0.000000,36.076092
0.000000,34.881739
0.000000,35.786241
0.000000,31.318167
0.000000,12.120592
0.000000,26.621892
0.000000,31.091215
0.000000,26.992089
0.000000,30.470372
0.000000,41.066288
0.000000,16.090236
0.000000,6.379284
0.000000,28.740041
0.000000,36.694175
0.000000,29.015897
0.000000,21.895492
0.000000,22.234631
0.000000,33.566884
0.000000,28.565784
0.000000,34.544948
0.000000,29.018783
0.000000,20.784924
0.000000,28.470941
0.000000,26.642025
0.000000,34.515374
0.000000,18.358468
0.000000,43.647407
0.000000,10.459999
0.000000,28.282006
0.000000,19.116482
0.000000,35.923892
0.000000,29.504324
0.000000,26.004689
0.000000,26.785277
0.000000,14.224496
0.000000,23.392925
5.000000,36.946115
5.000000,41.665787
5.000000,50.000000
5.000000,30.159640
5.000000,50.000000
5.000000,36.799591
5.000000,11.403444
5.000000,50.000000
5.000000,39.614673
5.000000,12.679281
5.000000,50.000000
5.000000,37.717947
5.000000,49.855032
5.000000,50.000000
5.000000,50.000000
5.000000,29.876784
5.000000,50.000000
5.000000,44.870234
5.000000,44.519575
5.000000,39.738821
5.000000,48.657188
5.000000,50.000000
5.000000,50.000000
5.000000,11.325196
5.000000,50.000000
5.000000,19.760334
5.000000,37.699252
5.000000,47.282242
5.000000,50.000000
5.000000,50.000000
5.000000,29.718177
5.000000,50.000000
5.000000,49.427524
5.000000,50.000000
5.000000,40.982789
5.000000,50.000000
5.000000,50.000000
5.000000,31.208130
5.000000,32.483588
5.000000,48.203345
5.000000,38.154037
5.000000,50.000000
5.000000,50.000000
5.000000,44.711679
5.000000,41.656046
5.000000,34.398491
5.000000,25.409401
5.000000,18.721608
5.000000,50.000000
5.000000,42.274661
5.000000,50.000000
5.000000,23.111637
5.000000,23.111636
5.000000,50.000000
5.000000,42.741619
5.000000,50.000000
5.000000,30.956701
5.000000,36.968859
5.000000,50.000000
5.000000,24.375695
5.000000,50.000000
5.000000,39.319886
5.000000,50.000000
5.000000,50.000000
5.000000,38.008365
5.000000,50.000000
5.000000,42.255610
5.000000,31.227589
5.000000,46.049523
5.000000,20.237078
5.000000,50.000000
5.000000,32.453495
5.000000,24.224395
5.000000,35.686480
5.000000,50.000000
5.000000,35.989629
5.000000,50.000000
5.000000,36.038836
5.000000,28.973433
5.000000,50.000000
5.000000,50.000000
5.000000,50.000000
5.000000,50.000000
5.000000,50.000000
5.000000,41.485112
5.000000,34.881739
5.000000,49.021350
5.000000,45.060022
5.000000,46.434851
5.000000,35.774272
5.000000,50.000000
5.000000,35.466940
5.000000,50.000000
5.000000,21.711280
5.000000,50.000000
5.000000,43.905745
5.000000,50.000000
5.000000,50.000000
5.000000,35.977076
5.000000,50.000000
5.000000,50.000000
5.000000,38.212481
5.000000,32.544686
5.000000,34.484573
5.000000,50.000000
5.000000,33.837038
5.000000,50.000000
5.000000,50.000000
5.000000,50.000000
5.000000,40.632117
5.000000,33.973331
5.000000,36.307055
5.000000,11.100982
5.000000,41.017908
5.000000,33.841115
5.000000,50.000000
5.000000,33.924921
5.000000,20.790509
5.000000,31.967575
5.000000,33.856532
10.000000,50.000000
10.000000,48.254430
10.000000,9.903397
10.000000,50.000000
10.000000,50.000000
10.000000,47.252813
10.000000,50.000000
10.000000,41.229733
10.000000,50.000000
10.000000,50.000000
10.000000,40.200218
10.000000,50.000000
10.000000,50.000000
10.000000,50.000000
10.000000,37.147028
10.000000,50.000000
10.000000,50.000000
10.000000,42.887962
10.000000,50.000000
10.000000,50.000000
10.000000,50.000000
10.000000,20.330207
10.000000,31.789058
10.000000,50.000000
10.000000,50.000000
10.000000,50.000000
10.000000,43.290137
10.000000,50.000000
10.000000,50.000000
10.000000,50.000000
10.000000,33.219490
10.000000,50.000000
10.000000,50.000000
10.000000,50.000000
10.000000,50.000000
10.000000,42.026032
10.000000,44.356283
10.000000,50.000000
10.000000,50.000000
10.000000,37.592130
10.000000,49.437776
10.000000,50.000000
10.000000,50.000000
10.000000,50.000000
10.000000,27.917523
10.000000,50.000000
10.000000,47.770683
10.000000,9.013683
10.000000,50.000000
10.000000,39.167153
10.000000,22.329784
10.000000,9.390697
10.000000,50.000000
10.000000,48.179043
10.000000,50.000000
10.000000,50.000000
10.000000,50.000000
10.000000,39.098565
10.000000,21.357615
10.000000,50.000000
10.000000,34.077632
10.000000,37.669556
10.000000,26.694452
10.000000,39.966806
10.000000,45.542560
10.000000,33.900090
10.000000,50.000000
10.000000,45.840968
10.000000,50.000000
10.000000,50.000000
10.000000,27.163653
10.000000,50.000000
10.000000,50.000000
10.000000,50.000000
10.000000,50.000000
10.000000,50.000000
10.000000,50.000000
10.000000,50.000000
10.000000,31.579823
10.000000,50.000000
10.000000,50.000000
10.000000,50.000000
10.000000,50.000000
10.000000,50.000000
10.000000,50.000000
10.000000,38.498880
10.000000,50.000000
10.000000,50.000000
10.000000,50.000000
10.000000,50.000000
10.000000,50.000000
10.000000,50.000000
10.000000,32.530866
10.000000,50.000000
10.000000,15.374884
10.000000,42.953590
10.000000,50.000000
10.000000,50.000000
10.000000,50.000000
10.000000,34.063800
10.000000,50.000000
10.000000,35.054566
10.000000,50.000000
10.000000,41.813032
10.000000,24.833558
10.000000,50.000000
10.000000,34.255589
10.000000,50.000000
10.000000,50.000000
10.000000,50.000000
10.000000,50.000000
10.000000,50.000000
10.000000,50.000000
10.000000,50.000000
10.000000,50.000000
10.000000,50.000000
10.000000,50.000000
10.000000,50.000000
10.000000,50.000000
10.000000,50.000000
15.000000,50.000000
15.000000,50.000000
15.000000,50.000000
15.000000,50.000000
15.000000,50.000000
15.000000,50.000000
15.000000,49.908317
15.000000,50.000000
15.000000,50.000000
15.000000,50.000000
15.000000,50.000000
15.000000,50.000000
15.000000,50.000000
15.000000,50.000000
15.000000,50.000000
15.000000,43.886843
15.000000,50.000000
15.000000,50.000000
15.000000,50.000000
15.000000,50.000000
15.000000,50.000000
15.000000,50.000000
15.000000,50.000000
15.000000,49.984697
15.000000,50.000000
15.000000,50.000000
15.000000,40.964856
15.000000,50.000000
15.000000,50.000000
15.000000,50.000000
15.000000,50.000000
15.000000,50.000000
15.000000,45.468882
15.000000,50.000000
15.000000,50.000000
15.000000,50.000000
15.000000,50.000000
15.000000,50.000000
15.000000,48.820579
15.000000,50.000000
15.000000,50.000000
15.000000,50.000000
15.000000,50.000000
15.000000,50.000000
15.000000,50.000000
15.000000,50.000000
15.000000,50.000000
15.000000,9.013683
15.000000,50.000000
15.000000,50.000000
15.000000,50.000000
15.000000,9.390697
15.000000,50.000000
15.000000,50.000000
15.000000,50.000000
15.000000,50.000000
15.000000,50.000000
15.000000,50.000000
15.000000,50.000000
15.000000,50.000000
15.000000,50.000000
15.000000,50.000000
15.000000,50.000000
15.000000,49.110422
15.000000,50.000000
15.000000,50.000000
15.000000,50.000000
15.000000,50.000000
15.000000,50.000000
15.000000,50.000000
15.000000,50.000000
15.000000,50.000000
15.000000,50.000000
15.000000,49.985795
15.000000,50.000000
15.000000,50.000000
15.000000,50.000000
15.000000,50.000000
15.000000,50.000000
15.000000,50.000000
15.000000,50.000000
15.000000,49.999366
15.000000,50.000000
15.000000,49.987541
15.000000,50.000000
15.000000,50.000000
15.000000,50.000000
15.000000,50.000000
15.000000,50.000000
15.000000,50.000000
15.000000,50.000000
15.000000,50.000000
15.000000,50.000000
15.000000,50.000000
15.000000,50.000000
15.000000,50.000000
15.000000,50.000000
15.000000,50.000000
15.000000,50.000000
15.000000,50.000000
15.000000,50.000000
15.000000,35.054566
15.000000,50.000000
15.000000,50.000000
15.000000,50.000000
15.000000,50.000000
15.000000,50.000000
15.000000,50.000000
15.000000,50.000000
15.000000,50.000000
15.000000,50.000000
15.000000,50.000000
15.000000,50.000000
15.000000,50.000000
15.000000,50.000000
15.000000,50.000000
15.000000,50.000000
15.000000,50.000000
15.000000,50.000000
15.000000,50.000000
20.000000,50.000000
20.000000,50.000000
20.000000,50.000000
20.000000,50.000000
20.000000,50.000000
20.000000,50.000000
20.000000,50.000000
20.000000,50.000000
20.000000,50.000000
20.000000,50.000000
20.000000,50.000000
20.000000,50.000000
20.000000,50.000000
20.000000,50.000000
20.000000,50.000000
20.000000,50.000000
20.000000,50.000000
20.000000,50.000000
20.000000,50.000000
20.000000,50.000000
20.000000,50.000000
20.000000,50.000000
20.000000,50.000000
20.000000,50.000000
20.000000,50.000000
20.000000,50.000000
20.000000,50.000000
20.000000,50.000000
20.000000,50.000000
20.000000,50.000000
20.000000,50.000000
20.000000,50.000000
20.000000,50.000000
20.000000,45.587431
20.000000,50.000000
20.000000,50.000000
20.000000,50.000000
20.000000,50.000000
20.000000,50.000000
20.000000,50.000000
20.000000,50.000000
20.000000,50.000000
20.000000,50.000000
20.000000,50.000000
20.000000,50.000000
20.000000,50.000000
20.000000,50.000000
20.000000,50.000000
20.000000,50.000000
20.000000,50.000000
20.000000,50.000000
20.000000,50.000000
20.000000,50.000000
20.000000,50.000000
20.000000,44.106564
20.000000,50.000000
20.000000,50.000000
20.000000,50.000000
20.000000,50.000000
20.000000,50.000000
20.000000,50.000000
20.000000,50.000000
20.000000,50.000000
20.000000,50.000000
20.000000,50.000000
20.000000,50.000000
20.000000,50.000000
20.000000,50.000000
20.000000,50.000000
20.000000,50.000000
20.000000,50.000000
20.000000,50.000000
20.000000,50.000000
20.000000,50.000000
20.000000,50.000000
20.000000,50.000000
20.000000,50.000000
20.000000,50.000000
20.000000,50.000000
20.000000,50.000000
20.000000,50.000000
20.000000,50.000000
20.000000,50.000000
20.000000,50.000000
20.000000,50.000000
20.000000,50.000000
20.000000,50.000000
20.000000,50.000000
20.000000,50.000000
20.000000,50.000000
20.000000,50.000000
20.000000,50.000000
20.000000,50.000000
20.000000,50.000000
20.000000,50.000000
20.000000,50.000000
20.000000,50.000000
20.000000,50.000000
20.000000,50.000000
20.000000,50.000000
20.000000,50.000000
20.000000,50.000000
20.000000,50.000000
20.000000,50.000000
20.000000,50.000000
20.000000,50.000000
20.000000,50.000000
20.000000,45.685936
20.000000,50.000000
20.000000,50.000000
20.000000,50.000000
20.000000,50.000000
20.000000,49.938169
20.000000,50.000000
20.000000,50.000000
20.000000,50.000000
20.000000,50.000000
20.000000,50.000000
20.000000,50.000000
20.000000,50.000000
25.000000,49.987362
25.000000,50.000000
25.000000,50.000000
25.000000,50.000000
25.000000,49.361622
25.000000,49.919940
25.000000,49.990018
25.000000,50.000000
25.000000,50.000000
25.000000,50.000000
25.000000,50.000000
25.000000,50.000000
25.000000,50.000000
25.000000,50.000000
25.000000,50.000000
25.000000,50.000000
25.000000,50.000000
25.000000,50.000000
25.000000,50.000000
25.000000,50.000000
25.000000,50.000000
25.000000,50.000000
25.000000,50.000000
25.000000,50.000000
25.000000,50.000000
25.000000,50.000000
25.000000,50.000000
25.000000,48.125574
25.000000,50.000000
25.000000,50.000000
25.000000,50.000000
25.000000,50.000000
25.000000,50.000000
25.000000,48.091586
25.000000,50.000000
25.000000,50.000000
25.000000,49.854035
25.000000,50.000000
25.000000,50.000000
25.000000,50.000000
25.000000,50.000000
25.000000,50.000000
25.000000,50.000000
25.000000,50.000000
25.000000,50.000000
25.000000,50.000000
25.000000,44.884380
25.000000,50.000000
25.000000,50.000000
25.000000,50.000000
25.000000,50.000000
25.000000,50.000000
25.000000,50.000000
25.000000,50.000000
25.000000,50.000000
25.000000,50.000000
25.000000,50.000000
25.000000,50.000000
25.000000,50.000000
25.000000,50.000000
25.000000,50.000000
25.000000,50.000000
25.000000,50.000000
25.000000,50.000000
25.000000,50.000000
25.000000,50.000000
25.000000,50.000000
25.000000,50.000000
25.000000,50.000000
25.000000,50.000000
25.000000,50.000000
25.000000,50.000000
25.000000,50.000000
25.000000,49.424592
25.000000,50.000000
25.000000,50.000000
25.000000,50.000000
25.000000,50.000000
25.000000,50.000000
25.000000,50.000000
25.000000,50.000000
25.000000,49.991377
25.000000,49.944596
25.000000,50.000000
25.000000,50.000000
25.000000,50.000000
25.000000,50.000000
25.000000,50.000000
25.000000,49.778717
25.000000,49.539742
25.000000,50.000000
25.000000,50.000000
25.000000,50.000000
25.000000,50.000000
25.000000,50.000000
25.000000,50.000000
25.000000,50.000000
25.000000,50.000000
25.000000,50.000000
25.000000,50.000000
25.000000,50.000000
25.000000,50.000000
25.000000,50.000000
25.000000,50.000000
25.000000,50.000000
25.000000,50.000000
25.000000,50.000000
25.000000,50.000000
25.000000,50.000000
25.000000,50.000000
25.000000,50.000000
25.000000,49.967362
25.000000,49.999965
25.000000,50.000000
25.000000,50.000000
25.000000,50.000000
25.000000,50.000000
25.000000,50.000000
25.000000,50.000000
25.000000,50.000000
30.000000,49.876847
30.000000,50.000000
30.000000,50.000000
30.000000,50.000000
30.000000,50.000000
30.000000,49.994858
30.000000,49.973552
30.000000,50.000000
30.000000,50.000000
30.000000,50.000000
30.000000,50.000000
30.000000,50.000000
30.000000,50.000000
30.000000,50.000000
30.000000,50.000000
30.000000,50.000000
30.000000,50.000000
30.000000,50.000000
30.000000,50.000000
30.000000,49.991682
30.000000,50.000000
30.000000,50.000000
30.000000,49.765541
30.000000,39.583686
30.000000,50.000000
30.000000,49.990293
30.000000,50.000000
30.000000,48.125574
30.000000,50.000000
30.000000,50.000000
30.000000,50.000000
30.000000,50.000000
30.000000,27.737691
30.000000,50.000000
30.000000,46.236520
30.000000,50.000000
30.000000,49.957209
30.000000,49.974575
30.000000,50.000000
30.000000,50.000000
30.000000,50.000000
30.000000,50.000000
30.000000,50.000000
30.000000,50.000000
30.000000,50.000000
30.000000,49.993668
30.000000,49.998984
30.000000,50.000000
30.000000,49.991747
30.000000,50.000000
30.000000,50.000000
30.000000,50.000000
30.000000,50.000000
30.000000,50.000000
30.000000,40.223015
30.000000,50.000000
30.000000,49.675316
30.000000,50.000000
30.000000,50.000000
30.000000,49.824235
30.000000,50.000000
30.000000,50.000000
30.000000,50.000000
30.000000,50.000000
30.000000,50.000000
30.000000,50.000000
30.000000,50.000000
30.000000,50.000000
30.000000,50.000000
30.000000,50.000000
30.000000,50.000000
30.000000,50.000000
30.000000,50.000000
30.000000,49.268440
30.000000,49.534657
30.000000,50.000000
30.000000,49.999115
30.000000,50.000000
30.000000,50.000000
30.000000,44.599412
30.000000,46.130665
30.000000,47.207473
30.000000,49.995415
30.000000,49.910572
30.000000,50.000000
30.000000,50.000000
30.000000,44.000639
30.000000,50.000000
30.000000,49.947886
30.000000,49.943056
30.000000,50.000000
30.000000,49.999525
30.000000,50.000000
30.000000,50.000000
30.000000,50.000000
30.000000,50.000000
30.000000,50.000000
30.000000,39.599274
30.000000,50.000000
30.000000,50.000000
30.000000,49.998707
30.000000,50.000000
30.000000,49.988566
30.000000,50.000000
30.000000,50.000000
30.000000,50.000000
30.000000,49.566682
30.000000,47.763203
30.000000,49.918028
30.000000,50.000000
30.000000,50.000000
30.000000,48.543768
30.000000,49.999172
30.000000,50.000000
30.000000,49.969644
30.000000,50.000000
30.000000,50.000000
30.000000,50.000000
30.000000,49.998818
30.000000,50.000000
35.000000,49.805680
35.000000,49.999903
35.000000,50.000000
35.000000,50.000000
35.000000,50.000000
35.000000,49.999774
35.000000,43.977294
35.000000,49.433313
35.000000,50.000000
35.000000,50.000000
35.000000,49.999873
35.000000,50.000000
35.000000,50.000000
35.000000,50.000000
35.000000,50.000000
35.000000,50.000000
35.000000,50.000000
35.000000,50.000000
35.000000,49.998800
35.000000,49.852371
35.000000,50.000000
35.000000,50.000000
35.000000,49.647968
35.000000,49.809864
35.000000,50.000000
35.000000,49.581505
35.000000,49.436111
35.000000,48.125574
35.000000,49.998139
35.000000,49.906668
35.000000,50.000000
35.000000,50.000000
35.000000,50.000000
35.000000,50.000000
35.000000,49.934383
35.000000,50.000000
35.000000,49.959012
35.000000,49.943682
35.000000,50.000000
35.000000,50.000000
35.000000,50.000000
35.000000,50.000000
35.000000,49.999249
35.000000,50.000000
35.000000,50.000000
35.000000,49.815239
35.000000,49.999276
35.000000,44.389955
35.000000,49.588028
35.000000,50.000000
35.000000,50.000000
35.000000,50.000000
35.000000,50.000000
35.000000,50.000000
35.000000,45.853379
35.000000,50.000000
35.000000,42.001261
35.000000,49.799733
35.000000,50.000000
35.000000,49.742698
35.000000,49.944688
35.000000,45.187391
35.000000,50.000000
35.000000,50.000000
35.000000,50.000000
35.000000,50.000000
35.000000,42.791469
35.000000,49.989057
35.000000,49.364715
35.000000,50.000000
35.000000,49.996447
35.000000,49.999563
35.000000,50.000000
35.000000,49.967697
35.000000,49.534657
35.000000,50.000000
35.000000,32.274608
35.000000,50.000000
35.000000,50.000000
35.000000,49.994191
35.000000,48.872741
35.000000,49.994255
35.000000,49.998942
35.000000,49.867867
35.000000,50.000000
35.000000,48.634535
35.000000,49.818055
35.000000,50.000000
35.000000,49.957650
35.000000,49.899908
35.000000,50.000000
35.000000,49.849488
35.000000,49.999995
35.000000,50.000000
35.000000,50.000000
35.000000,50.000000
35.000000,49.942916
35.000000,46.487554
35.000000,49.999875
35.000000,49.983036
35.000000,49.984792
35.000000,7.456138
35.000000,49.958875
35.000000,50.000000
35.000000,49.985849
35.000000,49.998261
35.000000,49.882655
35.000000,49.931036
35.000000,49.999563
35.000000,50.000000
35.000000,50.000000
35.000000,49.803298
35.000000,49.989543
35.000000,50.000000
35.000000,49.999935
35.000000,49.999052
35.000000,50.000000
35.000000,50.000000
35.000000,49.992123
35.000000,49.974435
40.000000,49.999355
40.000000,49.996297
40.000000,50.000000
40.000000,50.000000
40.000000,50.000000
40.000000,49.995065
40.000000,49.897662
40.000000,49.729389
40.000000,49.997264
40.000000,50.000000
40.000000,49.998898
40.000000,50.000000
40.000000,50.000000
40.000000,49.999331
40.000000,50.000000
40.000000,50.000000
40.000000,50.000000
40.000000,49.965299
40.000000,49.999800
40.000000,49.883281
40.000000,50.000000
40.000000,50.000000
40.000000,49.636943
40.000000,49.968715
40.000000,50.000000
40.000000,48.894026
40.000000,45.215664
40.000000,48.125574
40.000000,49.758985
40.000000,49.906668
40.000000,50.000000
40.000000,50.000000
40.000000,50.000000
40.000000,50.000000
40.000000,49.431674
40.000000,50.000000
40.000000,49.959211
40.000000,49.654269
40.000000,50.000000
40.000000,50.000000
40.000000,50.000000
40.000000,50.000000
40.000000,49.968915
40.000000,49.999888
40.000000,50.000000
40.000000,49.967235
40.000000,49.530563
40.000000,49.994441
40.000000,49.882410
40.000000,50.000000
40.000000,50.000000
40.000000,50.000000
40.000000,49.993494
40.000000,50.000000
40.000000,45.853379
40.000000,50.000000
40.000000,40.075598
40.000000,49.942293
40.000000,50.000000
40.000000,49.845784
40.000000,49.972203
40.000000,50.000000
40.000000,50.000000
40.000000,50.000000
40.000000,50.000000
40.000000,50.000000
40.000000,42.791469
40.000000,49.988912
40.000000,50.000000
40.000000,50.000000
40.000000,49.999859
40.000000,49.999961
40.000000,50.000000
40.000000,50.000000
40.000000,49.534657
40.000000,50.000000
40.000000,50.000000
40.000000,50.000000
40.000000,49.982869
40.000000,47.971836
40.000000,48.872741
40.000000,49.683467
40.000000,49.999970
40.000000,49.927464
40.000000,50.000000
40.000000,48.634535
40.000000,49.997060
40.000000,50.000000
40.000000,49.932128
40.000000,49.924251
40.000000,49.948081
40.000000,49.424570
40.000000,48.790584
40.000000,50.000000
40.000000,50.000000
40.000000,50.000000
40.000000,49.786090
40.000000,46.487554
40.000000,50.000000
40.000000,49.524866
40.000000,49.994874
40.000000,50.000000
40.000000,49.999487
40.000000,50.000000
40.000000,49.893861
40.000000,49.990654
40.000000,49.860133
40.000000,49.871952
40.000000,49.943288
40.000000,50.000000
40.000000,49.888942
40.000000,49.902910
40.000000,49.998660
40.000000,50.000000
40.000000,49.998315
40.000000,49.998331
40.000000,50.000000
40.000000,50.000000
40.000000,49.823803
40.000000,49.995825
45.000000,49.941756
45.000000,49.965755
45.000000,50.000000
45.000000,50.000000
45.000000,50.000000
45.000000,49.999714
45.000000,49.998816
45.000000,48.218335
45.000000,49.806455
45.000000,50.000000
45.000000,49.999811
45.000000,50.000000
45.000000,50.000000
45.000000,49.997470
45.000000,50.000000
45.000000,49.987418
45.000000,50.000000
45.000000,49.965785
45.000000,49.999926
45.000000,49.970074
45.000000,50.000000
45.000000,49.987120
45.000000,49.804134
45.000000,49.997447
45.000000,50.000000
45.000000,49.787241
45.000000,49.492557
45.000000,49.969215
45.000000,49.981690
45.000000,50.000000
45.000000,49.999449
45.000000,50.000000
45.000000,50.000000
45.000000,50.000000
45.000000,43.459432
45.000000,50.000000
45.000000,49.993494
45.000000,49.986442
45.000000,50.000000
45.000000,50.000000
45.000000,50.000000
45.000000,50.000000
45.000000,49.496717
45.000000,50.000000
45.000000,50.000000
45.000000,50.000000
45.000000,49.981022
45.000000,49.999550
45.000000,49.993062
45.000000,50.000000
45.000000,49.987781
45.000000,50.000000
45.000000,49.994567
45.000000,50.000000
45.000000,45.853379
45.000000,50.000000
45.000000,43.784443
45.000000,49.115481
45.000000,50.000000
45.000000,49.834026
45.000000,49.927574
45.000000,50.000000
45.000000,50.000000
45.000000,50.000000
45.000000,50.000000
45.000000,50.000000
45.000000,49.696991
45.000000,49.999958
45.000000,50.000000
45.000000,50.000000
45.000000,49.998746
45.000000,49.997977
45.000000,50.000000
45.000000,50.000000
45.000000,49.534657
45.000000,50.000000
45.000000,50.000000
45.000000,50.000000
45.000000,49.888285
45.000000,49.523555
45.000000,49.993703
45.000000,49.994017
45.000000,49.998830
45.000000,49.994472
45.000000,50.000000
45.000000,49.999350
45.000000,50.000000
45.000000,49.979790
45.000000,49.633600
45.000000,49.908798
45.000000,49.965221
45.000000,49.700250
45.000000,49.847835
45.000000,50.000000
45.000000,50.000000
45.000000,50.000000
45.000000,49.989998
45.000000,46.487554
45.000000,50.000000
45.000000,49.996218
45.000000,49.907321
45.000000,50.000000
45.000000,49.994924
45.000000,50.000000
45.000000,49.916403
45.000000,49.897504
45.000000,49.439198
45.000000,49.984971
45.000000,49.853421
45.000000,50.000000
45.000000,49.948870
45.000000,49.996969
45.000000,49.999351
45.000000,50.000000
45.000000,49.999825
45.000000,49.999998
45.000000,50.000000
45.000000,50.000000
45.000000,49.989100
45.000000,49.981060
50.000000,49.925062
50.000000,49.999871
50.000000,50.000000
50.000000,50.000000
50.000000,50.000000
50.000000,49.999481
50.000000,49.989588
50.000000,49.920141
50.000000,49.649762
50.000000,50.000000
50.000000,49.787265
50.000000,50.000000
50.000000,50.000000
50.000000,49.999953
50.000000,50.000000
50.000000,49.999885
50.000000,50.000000
50.000000,49.633562
50.000000,49.999806
50.000000,49.749714
50.000000,50.000000
50.000000,49.999932
50.000000,50.000000
50.000000,47.989422
50.000000,50.000000
50.000000,49.411745
50.000000,49.203485
50.000000,49.997450
50.000000,49.938290
50.000000,50.000000
50.000000,49.993748
50.000000,46.040646
50.000000,50.000000
50.000000,50.000000
50.000000,49.976799
50.000000,50.000000
50.000000,49.994489
50.000000,49.968531
50.000000,50.000000
50.000000,50.000000
50.000000,50.000000
50.000000,50.000000
50.000000,49.994766
50.000000,49.998767
50.000000,50.000000
50.000000,49.748995
50.000000,49.995453
50.000000,49.805643
50.000000,49.934072
50.000000,50.000000
50.000000,49.959809
50.000000,50.000000
50.000000,49.994567
50.000000,50.000000
50.000000,45.853379
50.000000,49.993189
50.000000,50.000000
50.000000,49.967288
50.000000,50.000000
50.000000,49.883347
50.000000,49.854715
50.000000,50.000000
50.000000,50.000000
50.000000,50.000000
50.000000,50.000000
50.000000,50.000000
50.000000,49.696991
50.000000,49.996560
50.000000,50.000000
50.000000,50.000000
50.000000,49.833020
50.000000,49.995842
50.000000,49.992358
50.000000,50.000000
50.000000,49.534657
50.000000,50.000000
50.000000,50.000000
50.000000,50.000000
50.000000,49.999891
50.000000,49.987199
50.000000,50.000000
50.000000,43.874480
50.000000,49.972369
50.000000,50.000000
50.000000,50.000000
50.000000,49.999971
50.000000,50.000000
50.000000,49.991269
50.000000,49.945339
50.000000,49.385111
50.000000,49.998451
50.000000,49.704037
50.000000,49.210028
50.000000,50.000000
50.000000,50.000000
50.000000,50.000000
50.000000,49.537179
50.000000,49.690781
50.000000,50.000000
50.000000,49.726625
50.000000,49.934139
50.000000,49.999250
50.000000,50.000000
50.000000,50.000000
50.000000,48.960351
50.000000,49.936250
50.000000,49.795102
50.000000,49.963082
50.000000,49.739026
50.000000,50.000000
50.000000,49.193410
50.000000,49.916059
50.000000,49.999463
50.000000,50.000000
50.000000,49.999959
50.000000,50.000000
50.000000,50.000000
50.000000,50.000000
50.000000,49.996491
50.000000,49.993430
55.000000,49.920710
55.000000,49.999727
55.000000,50.000000
55.000000,50.000000
55.000000,50.000000
55.000000,49.995053
55.000000,50.000000
55.000000,49.998835
55.000000,48.204898
55.000000,50.000000
55.000000,49.999633
55.000000,50.000000
55.000000,50.000000
55.000000,49.999934
55.000000,50.000000
55.000000,49.990252
55.000000,50.000000
55.000000,49.366659
55.000000,49.999956
55.000000,49.903719
55.000000,49.997195
55.000000,49.829203
55.000000,50.000000
55.000000,50.000000
55.000000,50.000000
55.000000,49.740068
55.000000,48.905638
55.000000,49.999908
55.000000,49.887633
55.000000,50.000000
55.000000,49.955460
55.000000,49.981743
55.000000,50.000000
55.000000,50.000000
55.000000,49.983108
55.000000,50.000000
55.000000,49.994134
55.000000,49.974478
55.000000,50.000000
55.000000,50.000000
55.000000,49.998769
55.000000,49.999587
55.000000,49.009231
55.000000,49.999898
55.000000,50.000000
55.000000,49.699927
55.000000,49.849999
55.000000,49.799367
55.000000,49.906905
55.000000,50.000000
55.000000,49.963019
55.000000,50.000000
55.000000,50.000000
55.000000,50.000000
55.000000,45.853379
55.000000,47.918219
55.000000,50.000000
55.000000,49.989557
55.000000,50.000000
55.000000,49.787256
55.000000,49.994513
55.000000,50.000000
55.000000,50.000000
55.000000,50.000000
55.000000,50.000000
55.000000,50.000000
55.000000,49.791077
55.000000,49.998949
55.000000,50.000000
55.000000,50.000000
55.000000,49.999819
55.000000,49.994973
55.000000,49.999774
55.000000,50.000000
55.000000,49.534657
55.000000,50.000000
55.000000,50.000000
55.000000,50.000000
55.000000,49.492367
55.000000,49.996128
55.000000,50.000000
55.000000,50.000000
55.000000,49.998725
55.000000,50.000000
55.000000,49.996882
55.000000,50.000000
55.000000,50.000000
55.000000,49.560666
55.000000,49.936070
55.000000,49.998764
55.000000,49.999125
55.000000,49.868271
55.000000,49.960415
55.000000,50.000000
55.000000,50.000000
55.000000,50.000000
55.000000,49.709471
55.000000,49.690772
55.000000,50.000000
55.000000,49.247242
55.000000,49.960502
55.000000,50.000000
55.000000,49.861921
55.000000,50.000000
55.000000,49.919704
55.000000,49.956607
55.000000,49.740825
55.000000,49.902194
55.000000,49.596151
55.000000,50.000000
55.000000,49.832416
55.000000,49.944983
55.000000,49.999998
55.000000,49.997442
55.000000,49.999706
55.000000,50.000000
55.000000,50.000000
55.000000,50.000000
55.000000,49.999917
55.000000,49.388070
60.000000,49.643918
60.000000,49.959448
60.000000,50.000000
60.000000,49.999729
60.000000,50.000000
60.000000,49.935607
60.000000,50.000000
60.000000,49.873377
60.000000,49.940572
60.000000,50.000000
60.000000,49.969179
60.000000,50.000000
60.000000,49.998262
60.000000,49.999928
60.000000,50.000000
60.000000,49.973870
60.000000,50.000000
60.000000,49.915938
60.000000,49.999880
60.000000,49.988631
60.000000,49.999827
60.000000,49.965976
60.000000,49.697624
60.000000,50.000000
60.000000,50.000000
60.000000,49.728547
60.000000,49.837262
60.000000,49.999892
60.000000,49.875697
60.000000,50.000000
60.000000,50.000000
60.000000,49.999956
60.000000,47.626186
60.000000,50.000000
60.000000,49.981451
60.000000,50.000000
60.000000,49.999703
60.000000,49.998440
60.000000,50.000000
60.000000,50.000000
60.000000,49.999059
60.000000,49.999216
60.000000,49.976899
60.000000,49.997173
60.000000,50.000000
60.000000,49.999180
60.000000,49.991875
60.000000,49.998377
60.000000,49.876762
60.000000,50.000000
60.000000,49.816045
60.000000,50.000000
60.000000,50.000000
60.000000,50.000000
60.000000,45.853379
60.000000,50.000000
60.000000,50.000000
60.000000,49.939616
60.000000,50.000000
60.000000,49.815997
60.000000,49.838631
60.000000,49.980221
60.000000,50.000000
60.000000,50.000000
60.000000,50.000000
60.000000,50.000000
60.000000,49.791077
60.000000,50.000000
60.000000,50.000000
60.000000,50.000000
60.000000,49.517966
60.000000,49.997390
60.000000,49.999971
60.000000,50.000000
60.000000,49.534657
60.000000,50.000000
60.000000,50.000000
60.000000,50.000000
60.000000,49.904667
60.000000,49.797323
60.000000,50.000000
60.000000,50.000000
60.000000,49.998700
60.000000,50.000000
60.000000,49.999962
60.000000,50.000000
60.000000,50.000000
60.000000,49.953570
60.000000,49.970714
60.000000,49.894081
60.000000,49.999949
60.000000,49.812112
60.000000,49.866494
60.000000,50.000000
60.000000,50.000000
60.000000,50.000000
60.000000,49.888468
60.000000,49.690772
60.000000,50.000000
60.000000,49.814648
60.000000,49.978638
60.000000,50.000000
60.000000,49.959442
60.000000,50.000000
60.000000,49.689820
60.000000,49.166606
60.000000,49.665478
60.000000,49.902194
60.000000,49.742700
60.000000,49.569341
60.000000,49.945470
60.000000,49.901800
60.000000,49.966939
60.000000,49.999972
60.000000,50.000000
60.000000,50.000000
60.000000,50.000000
60.000000,50.000000
60.000000,49.921131
60.000000,49.955854
65.000000,49.933282
65.000000,49.939652
65.000000,50.000000
65.000000,49.999756
65.000000,50.000000
65.000000,49.767405
65.000000,50.000000
65.000000,49.817550
65.000000,49.757013
65.000000,50.000000
65.000000,49.950963
65.000000,50.000000
65.000000,49.998996
65.000000,49.998578
65.000000,50.000000
65.000000,49.991162
65.000000,50.000000
65.000000,49.571477
65.000000,49.999979
65.000000,49.889773
65.000000,49.988506
65.000000,49.976233
65.000000,49.966696
65.000000,50.000000
65.000000,50.000000
65.000000,49.864434
65.000000,49.826160
65.000000,49.990118
65.000000,49.894858
65.000000,50.000000
65.000000,49.999986
65.000000,49.998012
65.000000,50.000000
65.000000,50.000000
65.000000,49.990467
65.000000,50.000000
65.000000,49.999121
65.000000,49.930024
65.000000,50.000000
65.000000,50.000000
65.000000,49.998019
65.000000,49.999903
65.000000,49.958152
65.000000,49.995689
65.000000,50.000000
65.000000,49.941535
65.000000,49.906014
65.000000,49.999841
65.000000,49.874607
65.000000,50.000000
65.000000,49.979102
65.000000,50.000000
65.000000,50.000000
65.000000,50.000000
65.000000,50.000000
65.000000,50.000000
65.000000,50.000000
65.000000,49.988476
65.000000,50.000000
65.000000,49.731040
65.000000,49.280242
65.000000,49.966634
65.000000,50.000000
65.000000,50.000000
65.000000,50.000000
65.000000,50.000000
65.000000,49.791077
65.000000,50.000000
65.000000,50.000000
65.000000,50.000000
65.000000,49.885445
65.000000,49.999821
65.000000,49.949414
65.000000,50.000000
65.000000,49.534657
65.000000,50.000000
65.000000,50.000000
65.000000,50.000000
65.000000,49.976350
65.000000,49.793666
65.000000,50.000000
65.000000,50.000000
65.000000,49.979826
65.000000,50.000000
65.000000,49.999742
65.000000,50.000000
65.000000,50.000000
65.000000,49.960520
65.000000,49.942454
65.000000,49.882476
65.000000,49.995067
65.000000,49.698155
65.000000,49.926501
65.000000,50.000000
65.000000,50.000000
65.000000,50.000000
65.000000,49.831968
65.000000,49.690772
65.000000,50.000000
65.000000,49.681271
65.000000,49.963754
65.000000,50.000000
65.000000,49.993545
65.000000,50.000000
65.000000,50.000000
65.000000,49.653119
65.000000,49.940513
65.000000,49.902194
65.000000,49.992600
65.000000,50.000000
65.000000,49.999892
65.000000,47.793734
65.000000,49.999586
65.000000,50.000000
65.000000,50.000000
65.000000,50.000000
65.000000,50.000000
65.000000,50.000000
65.000000,49.857892
65.000000,49.960455
70.000000,49.892640
70.000000,49.922573
70.000000,49.998976
70.000000,49.999650
70.000000,50.000000
70.000000,49.976878
70.000000,50.000000
70.000000,49.781118
70.000000,49.727504
70.000000,50.000000
70.000000,49.968719
70.000000,50.000000
70.000000,49.958785
70.000000,49.574899
70.000000,49.994307
70.000000,49.993204
70.000000,50.000000
70.000000,49.454823
70.000000,49.999999
70.000000,49.996801
70.000000,49.999951
70.000000,50.000000
70.000000,49.904872
70.000000,50.000000
70.000000,50.000000
70.000000,49.942394
70.000000,49.902066
70.000000,50.000000
70.000000,49.988797
70.000000,50.000000
70.000000,49.942076
70.000000,49.999551
70.000000,50.000000
70.000000,50.000000
70.000000,49.999938
70.000000,50.000000
70.000000,49.997633
70.000000,49.962670
70.000000,50.000000
70.000000,50.000000
70.000000,49.993724
70.000000,49.998418
70.000000,49.849434
70.000000,49.948013
70.000000,50.000000
70.000000,45.881994
70.000000,49.991277
70.000000,50.000000
70.000000,49.802695
70.000000,50.000000
70.000000,49.950229
70.000000,50.000000
70.000000,50.000000
70.000000,50.000000
70.000000,50.000000
70.000000,50.000000
70.000000,50.000000
70.000000,49.833912
70.000000,50.000000
70.000000,49.752661
70.000000,49.047847
70.000000,50.000000
70.000000,50.000000
70.000000,50.000000
70.000000,50.000000
70.000000,50.000000
70.000000,49.791077
70.000000,50.000000
70.000000,50.000000
70.000000,50.000000
70.000000,49.584309
70.000000,49.999496
70.000000,49.983582
70.000000,50.000000
70.000000,49.534657
70.000000,50.000000
70.000000,50.000000
70.000000,50.000000
70.000000,49.998912
70.000000,49.989401
70.000000,50.000000
70.000000,50.000000
70.000000,46.529198
70.000000,50.000000
70.000000,49.999980
70.000000,50.000000
70.000000,50.000000
70.000000,49.901713
70.000000,49.972057
70.000000,49.896493
70.000000,49.686531
70.000000,49.999852
70.000000,49.894307
70.000000,50.000000
70.000000,50.000000
70.000000,50.000000
70.000000,49.659229
70.000000,49.690772
70.000000,50.000000
70.000000,49.964682
70.000000,49.986256
70.000000,50.000000
70.000000,49.815470
70.000000,50.000000
70.000000,49.775516
70.000000,49.943238
70.000000,49.684309
70.000000,49.997575
70.000000,49.991217
70.000000,50.000000
70.000000,49.867070
70.000000,49.552988
70.000000,49.968369
70.000000,50.000000
70.000000,50.000000
70.000000,50.000000
70.000000,50.000000
70.000000,50.000000
70.000000,49.996488
70.000000,49.996316
75.000000,49.940502
75.000000,49.839833
75.000000,50.000000
75.000000,49.998929
75.000000,50.000000
75.000000,49.982850
75.000000,50.000000
75.000000,49.982329
75.000000,49.702877
75.000000,50.000000
75.000000,49.966355
75.000000,50.000000
75.000000,49.813873
75.000000,49.989098
75.000000,50.000000
75.000000,49.905734
75.000000,50.000000
75.000000,49.507752
75.000000,49.999934
75.000000,49.845106
75.000000,49.965956
75.000000,50.000000
75.000000,49.751041
75.000000,50.000000
75.000000,50.000000
75.000000,49.932336
75.000000,49.828145
75.000000,50.000000
75.000000,50.000000
75.000000,50.000000
75.000000,49.963673
75.000000,49.999817
75.000000,50.000000
75.000000,50.000000
75.000000,49.988601
75.000000,50.000000
75.000000,49.996265
75.000000,49.478928
75.000000,50.000000
75.000000,50.000000
75.000000,49.998835
75.000000,49.999291
75.000000,49.931238
75.000000,49.999548
75.000000,50.000000
75.000000,49.731498
75.000000,49.508238
75.000000,50.000000
75.000000,49.781841
75.000000,50.000000
75.000000,49.946327
75.000000,50.000000
75.000000,47.315752
75.000000,50.000000
75.000000,50.000000
75.000000,50.000000
75.000000,50.000000
75.000000,49.984008
75.000000,50.000000
75.000000,49.732243
75.000000,49.946545
75.000000,50.000000
75.000000,50.000000
75.000000,50.000000
75.000000,49.353450
75.000000,50.000000
75.000000,49.791077
75.000000,50.000000
75.000000,50.000000
75.000000,50.000000
75.000000,49.902313
75.000000,49.999144
75.000000,49.998386
75.000000,50.000000
75.000000,49.534657
75.000000,50.000000
75.000000,50.000000
75.000000,50.000000
75.000000,49.999946
75.000000,49.992426
75.000000,50.000000
75.000000,50.000000
75.000000,49.743938
75.000000,50.000000
75.000000,49.996260
75.000000,50.000000
75.000000,50.000000
75.000000,49.992686
75.000000,49.653274
75.000000,49.654948
75.000000,49.910800
75.000000,49.966261
75.000000,49.975511
75.000000,50.000000
75.000000,50.000000
75.000000,50.000000
75.000000,49.984346
75.000000,49.690772
75.000000,50.000000
75.000000,49.900871
75.000000,49.970660
75.000000,50.000000
75.000000,49.997445
75.000000,50.000000
75.000000,49.843332
75.000000,49.976464
75.000000,49.741752
75.000000,49.997575
75.000000,49.707084
75.000000,50.000000
75.000000,48.330062
75.000000,49.910379
75.000000,49.999336
75.000000,50.000000
75.000000,50.000000
75.000000,50.000000
75.000000,50.000000
75.000000,50.000000
75.000000,49.997739
75.000000,49.808778
80.000000,49.904349
80.000000,49.967300
80.000000,49.999456
80.000000,49.999909
80.000000,50.000000
80.000000,49.986838
80.000000,50.000000
80.000000,49.838430
80.000000,49.986940
80.000000,50.000000
80.000000,49.794147
80.000000,50.000000
80.000000,49.913919
80.000000,49.953621
80.000000,50.000000
80.000000,49.978237
80.000000,50.000000
80.000000,49.964540
80.000000,49.999993
80.000000,49.943765
80.000000,49.992585
80.000000,50.000000
80.000000,49.858968
80.000000,50.000000
80.000000,50.000000
80.000000,49.955938
80.000000,49.868706
80.000000,50.000000
80.000000,50.000000
80.000000,50.000000
80.000000,49.999263
80.000000,49.999660
80.000000,50.000000
80.000000,50.000000
80.000000,49.975311
80.000000,50.000000
80.000000,49.998178
80.000000,49.955108
80.000000,50.000000
80.000000,50.000000
80.000000,49.999944
80.000000,49.958650
80.000000,49.948771
80.000000,49.999912
80.000000,50.000000
80.000000,49.644698
80.000000,49.991612
80.000000,50.000000
80.000000,49.733918
80.000000,50.000000
80.000000,49.921187
80.000000,50.000000
80.000000,50.000000
80.000000,50.000000
80.000000,50.000000
80.000000,50.000000
80.000000,50.000000
80.000000,49.456155
80.000000,50.000000
80.000000,49.725146
80.000000,48.777261
80.000000,50.000000
80.000000,50.000000
80.000000,46.875235
80.000000,50.000000
80.000000,50.000000
80.000000,49.791077
80.000000,50.000000
80.000000,50.000000
80.000000,50.000000
80.000000,49.476748
80.000000,49.999842
80.000000,49.932323
80.000000,50.000000
80.000000,49.534657
80.000000,50.000000
80.000000,50.000000
80.000000,50.000000
80.000000,49.898836
80.000000,49.805690
80.000000,50.000000
80.000000,50.000000
80.000000,49.999818
80.000000,50.000000
80.000000,49.998957
80.000000,50.000000
80.000000,50.000000
80.000000,49.954232
80.000000,49.972542
80.000000,49.758148
80.000000,49.996353
80.000000,49.666058
80.000000,49.993852
80.000000,50.000000
80.000000,50.000000
80.000000,50.000000
80.000000,49.838918
80.000000,49.998166
80.000000,50.000000
80.000000,49.560224
80.000000,49.760637
80.000000,50.000000
80.000000,49.711845
80.000000,50.000000
80.000000,49.948012
80.000000,49.880997
80.000000,49.165339
80.000000,49.996713
80.000000,49.968954
80.000000,50.000000
80.000000,49.999165
80.000000,49.834211
80.000000,49.995947
80.000000,50.000000
80.000000,50.000000
80.000000,50.000000
80.000000,50.000000
80.000000,50.000000
80.000000,49.987696
80.000000,49.946258
85.000000,49.897646
85.000000,49.991625
85.000000,49.513584
85.000000,49.965453
85.000000,50.000000
85.000000,49.992504
85.000000,48.773368
85.000000,49.655905
85.000000,49.656220
85.000000,50.000000
85.000000,49.985208
85.000000,50.000000
85.000000,49.990481
85.000000,49.806034
85.000000,50.000000
85.000000,49.975950
85.000000,50.000000
85.000000,49.688235
85.000000,49.999951
85.000000,49.888576
85.000000,49.625560
85.000000,50.000000
85.000000,49.675818
85.000000,50.000000
85.000000,50.000000
85.000000,49.845503
85.000000,49.800467
85.000000,50.000000
85.000000,50.000000
85.000000,50.000000
85.000000,49.960690
85.000000,49.999223
85.000000,50.000000
85.000000,50.000000
85.000000,49.848335
85.000000,50.000000
85.000000,49.998066
85.000000,49.460801
85.000000,50.000000
85.000000,50.000000
85.000000,49.979360
85.000000,49.999973
85.000000,49.612074
85.000000,49.998327
85.000000,50.000000
85.000000,49.775114
85.000000,49.985672
85.000000,50.000000
85.000000,49.770654
85.000000,47.387983
85.000000,49.613827
85.000000,50.000000
85.000000,50.000000
85.000000,50.000000
85.000000,50.000000
85.000000,48.715396
85.000000,50.000000
85.000000,49.635681
85.000000,50.000000
85.000000,49.773708
85.000000,48.528188
85.000000,49.987063
85.000000,50.000000
85.000000,50.000000
85.000000,50.000000
85.000000,50.000000
85.000000,49.791077
85.000000,50.000000
85.000000,50.000000
85.000000,50.000000
85.000000,49.855855
85.000000,49.999732
85.000000,49.945024
85.000000,50.000000
85.000000,49.534657
85.000000,50.000000
85.000000,50.000000
85.000000,50.000000
85.000000,49.999515
85.000000,49.978425
85.000000,50.000000
85.000000,50.000000
85.000000,49.986787
85.000000,50.000000
85.000000,49.956699
85.000000,50.000000
85.000000,50.000000
85.000000,49.959862
85.000000,49.659402
85.000000,49.272715
85.000000,50.000000
85.000000,49.824340
85.000000,49.911313
85.000000,50.000000
85.000000,50.000000
85.000000,50.000000
85.000000,49.582919
85.000000,49.999836
85.000000,50.000000
85.000000,49.433509
85.000000,49.898738
85.000000,50.000000
85.000000,49.795195
85.000000,50.000000
85.000000,49.803521
85.000000,49.996104
85.000000,49.872907
85.000000,49.996679
85.000000,49.791576
85.000000,50.000000
85.000000,49.512953
85.000000,49.830867
85.000000,49.999820
85.000000,50.000000
85.000000,50.000000
85.000000,50.000000
85.000000,50.000000
85.000000,50.000000
85.000000,49.997858
85.000000,49.720184
90.000000,49.980103
90.000000,49.919192
90.000000,49.865978
90.000000,49.926435
90.000000,50.000000
90.000000,49.996415
90.000000,50.000000
90.000000,49.990268
90.000000,49.613131
90.000000,50.000000
90.000000,49.995518
90.000000,50.000000
90.000000,49.932535
90.000000,49.952506
90.000000,49.999955
90.000000,49.971304
90.000000,50.000000
90.000000,49.618361
90.000000,49.999993
90.000000,47.710199
90.000000,49.996630
90.000000,50.000000
90.000000,50.000000
90.000000,50.000000
90.000000,50.000000
90.000000,49.674882
90.000000,49.723291
90.000000,50.000000
90.000000,49.990215
90.000000,50.000000
90.000000,49.994506
90.000000,50.000000
90.000000,50.000000
90.000000,50.000000
90.000000,49.998383
90.000000,50.000000
90.000000,49.954511
90.000000,49.999995
90.000000,50.000000
90.000000,50.000000
90.000000,49.996590
90.000000,49.250289
90.000000,49.985956
90.000000,50.000000
90.000000,50.000000
90.000000,49.995838
90.000000,49.888613
90.000000,50.000000
90.000000,49.845996
90.000000,50.000000
90.000000,49.663088
90.000000,50.000000
90.000000,50.000000
90.000000,50.000000
90.000000,50.000000
90.000000,50.000000
90.000000,50.000000
90.000000,49.714050
90.000000,50.000000
90.000000,49.812090
90.000000,43.484511
90.000000,49.992015
90.000000,50.000000
90.000000,50.000000
90.000000,50.000000
90.000000,50.000000
90.000000,49.791077
90.000000,50.000000
90.000000,50.000000
90.000000,50.000000
90.000000,48.603408
90.000000,49.989663
90.000000,49.992514
90.000000,50.000000
90.000000,49.534657
90.000000,50.000000
90.000000,50.000000
90.000000,50.000000
90.000000,49.867630
90.000000,49.768701
90.000000,50.000000
90.000000,50.000000
90.000000,49.952893
90.000000,50.000000
90.000000,49.999347
90.000000,50.000000
90.000000,50.000000
90.000000,49.984554
90.000000,49.949920
90.000000,49.999110
90.000000,50.000000
90.000000,49.687458
90.000000,49.897897
90.000000,50.000000
90.000000,50.000000
90.000000,50.000000
90.000000,49.268280
90.000000,49.999988
90.000000,50.000000
90.000000,49.967927
90.000000,49.821793
90.000000,50.000000
90.000000,49.993721
90.000000,50.000000
90.000000,49.779894
90.000000,48.101792
90.000000,48.479110
90.000000,49.996679
90.000000,49.452782
90.000000,50.000000
90.000000,49.997661
90.000000,49.771672
90.000000,49.999991
90.000000,50.000000
90.000000,49.999118
90.000000,50.000000
90.000000,50.000000
90.000000,50.000000
90.000000,49.998549
90.000000,49.835696
